id,name,created_at,advertisers_entities.id,entities.short_name,countries.name,countries.alpha2,advertisers_platforms.advertiser_platform_ref,advertisers_platforms.advertiser_platform_name,platforms.name
2281916e-f54c-4ab2-b2dc-de46b31706a7,Socialni demokrati,2022-08-16T15:24:30.162Z,a887be73-9855-4f33-8641-f45d6cf6ef24,SD,Slovenia,si,12676777580,Socialni demokrati,Facebook
c292e21d-a924-4d16-8a9c-413f61ebe375,Nova Slovenija - Krščanski demokrati,2022-08-16T15:24:30.248Z,c44d4ee7-a5c2-4f87-9562-4e21172288b1,NSi,Slovenia,si,1455468691332640,Nova Slovenija - Krščanski demokrati,Facebook
dfbd6737-bdb6-4f44-b8d0-fdfc76c335eb,Levica,2022-08-16T15:24:30.265Z,4b625627-c907-441b-88e2-a037ed33c2e0,Lev,Slovenia,si,285304408294792,Levica,Facebook
6cffd5fa-f9b1-4723-8cd3-b80582f8ef8c,Slovenska demokratska stranka,2022-08-16T15:24:30.154Z,3624e525-c852-4b14-a642-b158fcf47b05,Slovenska demokratska stranka,Slovenia,si,30790585231,Slovenska demokratska stranka,Facebook
19f6e0e3-ba8a-43fe-bff0-321b592ffad0,SD Ljubljana,2023-05-23T06:55:42.902Z,3e6ff9e5-4ec4-42da-bd1f-92ed35aa62c2,SD,Slovenia,si,908457172498961,SD Ljubljana,Facebook
c4825dc5-ec7e-4159-8a2f-42870f86aa26,Levica Radovljica & Bled,2023-05-15T06:56:01.836Z,2678ebc9-2169-459d-afaf-41972dc50731,Lev,Slovenia,si,335741737178809,Levica Radovljica & Bled,Facebook
f6e7f81a-c34d-40f6-8e77-2f453efa2bfa,Socialni demokrati Kidričevo,2023-05-15T06:56:01.836Z,1048243a-0829-4f21-9e25-a82fa4b26569,SD,Slovenia,si,639687806144891,Socialni demokrati Kidričevo,Facebook
03d005f8-0e14-4512-ba47-81d4b70d2161,Tomaž Lisec,2023-05-15T06:56:01.863Z,5192c796-b151-46c2-9966-846ac6a1ee24,Slovenska demokratska stranka,Slovenia,si,131145926900672,Tomaž Lisec,Facebook
b2404d33-98d1-4039-adaa-9205cbab7198,Vlada Republike Slovenije,2023-06-09T06:55:02.347Z,8d120d31-562c-4121-bd8e-b78f8a2f2e1b,Vla,Slovenia,si,1193175320710704,Vlada Republike Slovenije,Facebook
db9600e0-0f11-4faf-8ff8-826a5025631e,SD Slovenske Konjice,2023-04-30T06:55:14.092Z,9d3493a4-5926-4e71-8cdb-09296403d890,SD,Slovenia,si,122029977844167,SD Slovenske Konjice,Facebook
ac720f6d-96ae-4b85-ae5b-226bfe8ad8fc,Marko Koprivc,2023-05-05T06:54:58.152Z,e7dd3a75-00b0-438b-8fba-f543916e18c4,SD,Slovenia,si,1600734723323761,Marko Koprivc,Facebook
d1ee0a63-7195-4e75-849f-f856dca0b0b1,,2023-03-27T10:55:54.205Z,0d011e64-f29c-402e-9c05-eecd3f5d1403,Slovenska demokratska stranka,Slovenia,si,107568865605183,,Facebook
fae5cce8-de9a-48d2-8aee-b5a97ab68e95,Dr. Jernej Štromajer,2023-05-02T06:55:40.774Z,a7275e15-8432-4839-a8de-13b4abde7db9,SD,Slovenia,si,233559380524262,Dr. Jernej Štromajer,Facebook
8eba8067-5534-406a-9014-f4e48919a13d,Slovenska demokratska mladina (SDM),2023-05-09T06:55:26.164Z,1c62578b-efa9-417c-9073-3111013fe55c,Slovenska demokratska stranka,Slovenia,si,205791806098188,Slovenska demokratska mladina (SDM),Facebook
0b7cf0ab-d452-4ea4-bd37-2f903abd272f,Mladi forum Kočevje,2023-05-16T06:55:49.291Z,9864d8af-16f8-43d9-92b8-0c427a2d3a54,SD,Slovenia,si,127113274289088,Mladi forum Kočevje,Facebook
e44e3cf1-218c-4c5b-81ab-7c8340c9f623,Damijan Zrim,2023-09-05T05:08:52.107Z,3c093aab-91bd-4a19-bcdb-d2413127b905,SD,Slovenia,si,106044921814291,Damijan Zrim,Facebook
f72b3c9b-96a5-4d59-ba6e-eababc9dd1de,Gibanje Svoboda,2023-05-30T06:55:57.270Z,5bd6c0a5-e81b-4cda-8a09-87c5a523a36a,GS,Slovenia,si,101556345428377,Gibanje Svoboda,Facebook
04921cf4-3945-47f0-ac51-3a534ebd251d,Slovenska demokratska stranka Trzin,2023-05-23T06:55:42.902Z,d0a07db4-7c84-4025-bed3-f6afb8220540,Slovenska demokratska stranka,Slovenia,si,282815891915096,Slovenska demokratska stranka Trzin,Facebook
e97bce77-159d-4a3c-be52-933230a8d1e9,Tanja Fajon,2023-06-11T06:55:08.351Z,f600461b-5bb8-4344-a096-66b6b6bce257,SD,Slovenia,si,73452413740,Tanja Fajon,Facebook
a174cfee-4336-4683-8916-6859f6f02968,Poslanska skupina SDS,2023-04-01T10:55:28.394Z,19a23eb7-15ff-4a8c-a857-b16c2925c2a7,Slovenska demokratska stranka,Slovenia,si,110010395076182,Poslanska skupina SDS,Facebook
428dab6f-28aa-4548-ac6b-1ecb97d30a3d,Gibanje Svoboda Jesenice,2023-08-07T05:09:50.087Z,c2f1bea8-6036-4d25-8571-62758af40d17,GS,Slovenia,si,110404108482746,Gibanje Svoboda Jesenice,Facebook
9c558657-6264-483f-a6e7-2024ca6b4eab,Nejc Brence,2023-04-09T10:55:39.465Z,7670ae97-a894-4f90-8df0-f79ec7b72fae,Slovenska demokratska stranka,Slovenia,si,104361365961308,Nejc Brence,Facebook
9dc26411-246b-4a9f-98c1-216ac1cf4578,Glorjana,2023-07-05T06:09:24.899Z,bd79304a-9bba-400f-b422-aa3a15c91aca,ZZZ,Slovenia,si,328416220591536,Glorjana,Facebook
52e6cba6-5e5c-49b7-9c04-c82fc65ceecb,Darko Radikovič Levica,2023-03-29T10:55:48.424Z,5ef34696-406d-4f03-a45e-ef1449e7c4d9,Lev,Slovenia,si,102446699092471,Darko Radikovič Levica,Facebook
7ebee213-2cd0-4b04-adcc-7cb73e684163,EY Slovenia,2023-09-18T05:09:00.487Z,33d53b8d-ffa7-450f-bdbd-1f93a4460a98,ZZZ,Slovenia,si,102323128733355,EY Slovenia,Facebook
bf048a37-1c3f-4134-89c9-9da71ca39368,Evropski parlament Slovenija,2023-03-24T10:55:50.552Z,738500ec-6083-481d-a153-55536fe595ec,ZZZ,Slovenia,si,183314631692914,Evropski parlament Slovenija,Facebook
220b840f-6bdb-4699-94fd-b5ac9eb5b94d,Svet Živali,2023-07-10T06:53:21.747Z,c2a84dad-3d2e-4912-8ba3-0ea69051d98a,ZZZ,Slovenia,si,110136878650577,Svet Živali,Facebook
1db6dffc-54a4-45ab-b9f5-f1056870bd76,Spletno računovodstvo miniMAX,2023-03-24T10:55:50.531Z,268d5447-78d3-40a2-abef-f2a9766e7a04,ZZZ,Slovenia,si,350219500223,Spletno računovodstvo miniMAX,Facebook
95ef2b59-e09a-4f10-94fc-8846498340b2,Alpsko,2023-07-12T15:02:01.095Z,82bc4c8b-7481-4b75-a98c-943902e9d9ff,ZZZ,Slovenia,si,119341358091848,Alpsko,Facebook
74d3598c-3be5-498f-b84b-2f9609243bf5,Agro Zavarovalnica,2023-07-13T12:32:33.077Z,e39efa00-3a7b-45f7-a0a0-36ad3752edc5,ZZZ,Slovenia,si,107759985520299,Agro Zavarovalnica,Facebook
75a5fa46-fe6f-4a87-9e39-aec0b45b4204,Pokol ni rešitev,2023-03-27T10:55:54.219Z,763349f9-1f16-40d6-bb3e-3cd89e555bbd,ZZZ,Slovenia,si,116536996393286,Pokol ni rešitev,Facebook
be08d574-86b8-4ccb-a08a-ddd3cffff39b,Snaga Maribor,2023-07-17T06:34:01.634Z,6e891018-9532-49eb-9631-0606b7436230,ZZZ,Slovenia,si,153051678087658,Snaga Maribor,Facebook
3d181531-0d6e-4b2c-a279-49ef1051d3f3,Helen Doron English Kranj,2023-09-18T05:09:00.463Z,045ba881-425c-4929-81d1-57bcab9c7fd0,ZZZ,Slovenia,si,937938749583277,Helen Doron English Kranj,Facebook
65017aeb-6989-4d04-91e1-daf43a644ef5,Tax-Fin-Lex,2023-03-27T10:55:54.202Z,30177193-2f4e-4f43-84ee-c8fa38e28e2e,ZZZ,Slovenia,si,199408453438851,Tax-Fin-Lex,Facebook
b13033c7-f8af-408f-9370-5dbc140bcb75,"Porabi manj, bodi učinkovit",2023-07-17T10:06:13.032Z,70c64931-0fb1-44da-8387-dfafa42640ff,ZZZ,Slovenia,si,63732178374,"Porabi manj, bodi učinkovit",Facebook
c37764cb-fc83-4241-86bb-84662e42ade7,Volkswagen,2023-03-27T10:55:54.219Z,0a28280a-1c88-4ab1-b981-0e658e883cd4,ZZZ,Slovenia,si,132019426830397,Volkswagen,Facebook
e8d8d72b-f333-4f76-b208-d3c6450b0614,TERMO SHOP - Toplotne črpalke,2023-03-29T10:55:48.450Z,ed1f073f-1d9e-4850-8d67-91a2d898bd3b,ZZZ,Slovenia,si,549424995102381,TERMO SHOP - Toplotne črpalke,Facebook
695393a5-26a1-435b-8da9-24efe5ee7dca,mömax Slovenija,2023-03-29T10:55:48.301Z,5f9590e2-dd1c-4314-88c5-9bf8764590ad,ZZZ,Slovenia,si,423921247775424,mömax Slovenija,Facebook
77f9b37a-9209-4a1f-abd3-79e560d3a893,Peto kolo,2023-03-28T10:55:41.739Z,39675826-059d-4a03-ae42-629e2084e02a,ZZZ,Slovenia,si,101434831606281,Peto kolo,Facebook
f402c3a3-7618-49f2-a284-b6664e96a29c,POP TV,2023-07-17T10:06:12.999Z,a4dc2bec-1065-4574-b03b-d3445e3ced9e,ZZZ,Slovenia,si,147563415266743,POP TV,Facebook
184826b9-54de-4e83-be5e-0849bd40d550,Versopolis,2023-07-18T06:09:04.506Z,e8bd3990-14a0-4f23-bb6a-46fb3ee43972,ZZZ,Slovenia,si,851064054915673,Versopolis,Facebook
07d7ee86-9da2-434f-b2e4-295d3597c65c,Avto magazin,2023-03-28T10:55:41.737Z,6482422f-65fc-4a01-8cc8-cd62d48ab1e6,ZZZ,Slovenia,si,116890561115,Avto magazin,Facebook
c415e250-d7f9-4a5f-917c-07e05fba4868,Julian Alps,2023-07-20T06:09:16.230Z,9a5d7faf-4e9a-4386-a84d-4dbf93b8cd20,ZZZ,Slovenia,si,1934854016538360,Julian Alps,Facebook
08286561-cf87-45b7-a4a7-9ec5d3bd89ff,Denshō Karate Club,2023-08-19T05:09:39.211Z,a10f2db8-9a6e-4cb9-8d4d-d88308fb53fb,ZZZ,Slovenia,si,110109028504014,Denshō Karate Club,Facebook
4afeb2db-8122-405c-8d2c-6da017e5bd94,Zvezdni Kamni,2023-08-19T05:09:39.211Z,abb36ff5-e597-4620-ac07-e6bff63642d4,ZZZ,Slovenia,si,506627722754028,Zvezdni Kamni,Facebook
90e3c8a1-9633-4485-aabe-b9d5e7dbb5d4,Wienerberger Slovenija,2023-03-31T10:55:55.904Z,c19a0391-c0f1-469f-93ce-73b19cdaf0db,ZZZ,Slovenia,si,618044251583147,Wienerberger Slovenija,Facebook
b12cfa88-c848-492d-b8dd-b173f21702be,RRA Podravje - Maribor,2023-07-22T05:09:41.311Z,51586ae1-b26a-4fa1-8162-7c8b9cef05be,ZZZ,Slovenia,si,467097679979959,RRA Podravje - Maribor,Facebook
b303b37c-759a-443e-b97c-cdfc709a1503,Inštitut za zdravje in okolje,2023-09-08T05:09:10.942Z,1adaac9d-3a25-44df-8c45-9a3e48785398,ZZZ,Slovenia,si,1757423617917123,Inštitut za zdravje in okolje,Facebook
aa097dde-ea64-4ad8-ac16-f698a2bc335b,Moje Finance,2023-04-01T10:55:28.383Z,65e952d5-4828-4124-836c-3aff55f08c0a,ZZZ,Slovenia,si,110380839035399,Moje Finance,Facebook
1a438d81-bdb5-422e-abcd-4201301f0694,FUKSi - Festival urbane kulture Slovenija,2023-09-08T05:09:10.942Z,369a2df9-efea-43a9-b9c7-eb3065239d16,ZZZ,Slovenia,si,201323863933921,FUKSi - Festival urbane kulture Slovenija,Facebook
c66571a9-5619-4aae-a855-3b88302a3ac6,Ritem mladosti,2023-09-08T05:09:10.942Z,fdaf1898-3028-485b-a803-ce9994ffa7c4,ZZZ,Slovenia,si,129047990494318,Ritem mladosti,Facebook
517b85d3-c325-442e-b9b5-2c7f0a64c1cd,Obljuba dela dolg,2023-04-01T10:55:28.381Z,de188c1a-c398-4286-97c2-b742bb2f5042,ZZZ,Slovenia,si,106066558388444,Obljuba dela dolg,Facebook
59ca0449-fd30-4d38-8d64-002d65883b2b,Svečarstvo Jurkovič,2023-08-21T05:09:34.915Z,5ecde13b-2054-46d3-aa8b-65710124263a,ZZZ,Slovenia,si,382184021850504,Svečarstvo Jurkovič,Facebook
7a03c440-a7aa-4cd4-a7ed-c931ca546a8b,Casino Admiral Lesce - igralni salon,2023-04-02T10:55:47.618Z,2622d622-9769-4707-ba3c-0d3ded8bc2e2,ZZZ,Slovenia,si,1487410811565619,Casino Admiral Lesce - igralni salon,Facebook
3ebaaa05-bec5-4a5f-bb72-57854109843a,Georgie bistro,2023-07-24T05:09:21.655Z,d399e11a-de7a-491e-867b-7138a37f7b4a,ZZZ,Slovenia,si,111848795073957,Georgie bistro,Facebook
d753925b-e2ea-4956-ba56-bbee286ddc20,DPD Slovenija,2023-04-04T10:55:57.825Z,ac5d1502-24d5-4a0a-9ecf-490a420b680c,ZZZ,Slovenia,si,101902946563835,DPD Slovenija,Facebook
8f8a4574-d2b4-49f7-ae47-2ef319d8f27e,Prireditve Tržič,2023-09-22T05:09:00.442Z,67b677df-f309-403f-b2c4-6623c4ffe793,ZZZ,Slovenia,si,1126333230781406,Prireditve Tržič,Facebook
62be22e0-723f-46ab-9cbf-a40f96c0227d,Klub Vražjih Babnic,2023-09-10T05:08:58.112Z,dc3b7bac-a572-4859-aebd-4d0cad780860,ZZZ,Slovenia,si,321165114648505,Klub Vražjih Babnic,Facebook
3781d300-5452-4ef5-8fcc-765dc8328cb5,"Casino Admiral, Ljubljana Letališka - igralni salon",2023-04-04T10:55:57.813Z,28575133-cd18-4bea-8d8e-89ef00b106c0,ZZZ,Slovenia,si,109000888302594,"Casino Admiral, Ljubljana Letališka - igralni salon",Facebook
c24037b8-f3eb-4130-8c31-3c2a26dfe48f,Rezwadud Mahin,2023-08-26T05:08:42.482Z,442712d9-c9e9-43ae-9389-c62195f88e30,ZZZ,Slovenia,si,1484496741781105,Rezwadud Mahin,Facebook
000abb6f-753f-42b5-8f89-0d997a4d60b5,Heineken Slovenija,2023-09-16T05:09:01.286Z,69843180-a41e-4f39-8317-ac2a5de5c965,ZZZ,Slovenia,si,102818441411411,Heineken Slovenija,Facebook
44e9026c-08c3-4011-9380-6e5b8f628aee,Občina Brežice,2023-07-31T11:17:33.332Z,b67d6c2f-0a27-4451-9055-af83f9997695,ZZZ,Slovenia,si,398348713530446,Občina Brežice,Facebook
e8ff15a1-999b-46dd-b1d8-c113b38591f7,Novogradnje Maribor,2023-04-05T10:55:37.789Z,a310dea6-9839-45a2-ad62-f5d94084bbf8,ZZZ,Slovenia,si,292391844503368,Novogradnje Maribor,Facebook
4135d127-c2ee-4799-bd02-d1109ce90e39,Aperol Spritz,2023-08-29T05:08:38.179Z,ec1e0166-95e0-424f-b4d3-c3b911c876ff,ZZZ,Slovenia,si,167670829957167,Aperol Spritz,Facebook
f8575a72-b915-4a0c-8516-03b774be0ff9,INTERSPORT Slovenija,2023-04-05T10:55:37.815Z,00ab441a-726d-45a7-a931-53360fa6a9e5,ZZZ,Slovenia,si,209311665837159,INTERSPORT Slovenija,Facebook
2cb05bdf-b14e-405b-a033-853940e6868b,NIVEA,2023-09-13T05:08:50.043Z,4fea34ba-48ee-463c-9f02-32d333ed5d3e,ZZZ,Slovenia,si,271773036181507,NIVEA,Facebook
96611bfe-c4ed-49aa-b23c-4b98de3ba5a1,Posestvo Gjerkeš,2023-09-29T05:09:14.135Z,fddd8279-1723-4b31-9d14-3d33f24c8d90,ZZZ,Slovenia,si,105203629512109,Posestvo Gjerkeš,Facebook
8c11da46-ee6b-458b-837c-bdf45e06c8ab,Znanost na cesti / Science on the Street,2023-09-29T05:09:14.161Z,74a0fcab-19c5-45ee-acb3-9992bba2f50a,ZZZ,Slovenia,si,515443008519476,Znanost na cesti / Science on the Street,Facebook
fb394728-5dbd-41e7-92b6-caf6a279e76e,AirBeletrina,2023-04-06T10:56:13.013Z,77682b02-0eb8-4507-9873-ea0127b64eb6,ZZZ,Slovenia,si,102260799927227,AirBeletrina,Facebook
6a99cea1-15da-45d5-b177-5f4bf5118768,KUD Channel Zero,2023-10-03T05:09:03.516Z,642a1a43-214f-48e1-9b96-35aef23dee3d,ZZZ,Slovenia,si,410276612466714,KUD Channel Zero,Facebook
ae33dc55-bad6-495e-a25e-4af883bb166c,TotalEnergies,2023-04-08T10:55:48.907Z,cc7e6cd0-cbf8-412f-bbd8-e385a4972292,ZZZ,Slovenia,si,103626542002728,TotalEnergies,Facebook
f7882787-f513-4316-8625-1fdcd04fe93d,"Casino Admiral, Grosuplje - igralni salon",2023-04-08T10:55:48.900Z,a6b3c684-2994-450c-ab9c-c1d274a1ffad,ZZZ,Slovenia,si,216608838472126,"Casino Admiral, Grosuplje - igralni salon",Facebook
0ea9350b-fbd8-4769-b34b-d08e9a71f05f,PetriotGin,2023-04-08T10:55:48.910Z,67c983bd-bcbe-4538-951c-61321e450610,ZZZ,Slovenia,si,101921165038991,PetriotGin,Facebook
59844aeb-6c24-4092-84d1-4aa955475b45,Admiral Kozina Resort & Entertainment,2023-04-09T10:55:39.465Z,b3c6dfcf-513a-4827-b6eb-384edae0cf82,ZZZ,Slovenia,si,124521227598804,Admiral Kozina Resort & Entertainment,Facebook
56d05649-244d-4860-b9ad-127777c470fa,Elektrotehniška revija,2023-04-11T10:55:30.066Z,8502bfe5-589e-49d1-8f39-591d1bfc39a6,ZZZ,Slovenia,si,556247068124550,Elektrotehniška revija,Facebook
0876bff3-2706-4dae-8e4d-195ecefa3c30,Admiral Škofije Resort & Entertainment,2023-04-09T10:55:39.465Z,5e1bf7f4-680c-4c84-a1ef-1168674c9d26,ZZZ,Slovenia,si,151810691546563,Admiral Škofije Resort & Entertainment,Facebook
47671727-5f55-4a4b-bac4-ff7424428462,Beer Way Slovenia / Pot Piva Slovenija,2023-08-28T05:08:35.940Z,72d61790-617d-4c6f-9f1f-845e3daba127,ZZZ,Slovenia,si,107640255269011,Beer Way Slovenia / Pot Piva Slovenija,Facebook
25787f72-970c-4d2d-b914-5e3de921eed3,I Love Pizza,2023-04-09T10:55:39.463Z,cf98283b-3c35-47a2-861c-29f47b339755,ZZZ,Slovenia,si,102844895314691,I Love Pizza,Facebook
1a6d0848-f972-4c4d-a0f1-eac9d233fcf7,"E 3, energetika, ekologija, ekonomija",2023-05-01T06:55:26.697Z,554e372d-3e98-43ca-bcdb-5230a7df0bd2,ZZZ,Slovenia,si,241888532660987,"E 3, energetika, ekologija, ekonomija",Facebook
5cbaf410-3e85-4cd4-8052-8cc83131d300,Paloma,2023-08-30T05:08:46.598Z,5451b2f9-ef17-4389-8379-db8290ec3083,ZZZ,Slovenia,si,279413738829139,Paloma,Facebook
4f938407-35d7-4630-9489-9b24972a852f,Beer Pro,2023-04-09T10:55:39.457Z,3c2bee9f-798f-4b51-9408-66b36d8a33e6,ZZZ,Slovenia,si,1377882202539661,Beer Pro,Facebook
c29d82c1-ca33-4bbb-908f-e161a1ab6ea5,Kino Vrhnika,2023-09-17T05:08:57.849Z,f9cc2aaf-8cb3-4afa-911e-98e6ec72d108,ZZZ,Slovenia,si,281517107300,Kino Vrhnika,Facebook
44e199ed-2994-4f71-95a8-429c0c16de63,Admiral Nova Gorica Entertainment,2023-04-09T10:55:39.463Z,9bc570b3-6250-4036-b692-0d3f988cb48a,ZZZ,Slovenia,si,135123603189199,Admiral Nova Gorica Entertainment,Facebook
dfd6341b-95a4-4550-b3bd-c3d9ca98c641,Kulturno izobraževalno društvo PiNA,2023-09-03T05:08:41.270Z,e2c5ad95-c7e2-4905-aae6-47700adbb0cf,ZZZ,Slovenia,si,145358245626807,Kulturno izobraževalno društvo PiNA,Facebook
009c0c53-6233-4301-b744-c872749b3169,Inštitut 8. marec,2023-09-12T05:08:31.997Z,5e3c83b7-ce2d-4b43-a6b2-158c59f739f2,ZZZ,Slovenia,si,240537846376462,Inštitut 8. marec,Facebook
35174eb5-96f0-496a-b1f2-22b4f0809df2,Stezičar,2023-04-10T10:55:13.203Z,626413ba-e953-4b02-8a5f-e3e28bdc9965,ZZZ,Slovenia,si,107002544296335,Stezičar,Facebook
58d080dc-1188-4f13-a211-5932f5914710,Admiral Portorož Entertainment,2023-04-10T10:55:13.213Z,6013cc39-bcc4-402e-a84d-b1c3eb63895a,ZZZ,Slovenia,si,105246592888062,Admiral Portorož Entertainment,Facebook
d704db3f-5846-465b-b7d2-47f478451ead,Carolina Jakončič Winery,2023-03-22T10:55:35.214Z,36bc494d-9885-437b-8f90-dec7bda00f85,ZZZ,Slovenia,si,656225137855856,Carolina Jakončič Winery,Facebook
8f70206a-d8bf-42a6-b385-e07cabe5c898,Viasat Nature,2023-04-11T10:55:29.984Z,48ceef0f-cf51-40a5-9534-17cab90f49b9,ZZZ,Slovenia,si,514119565302584,Viasat Nature,Facebook
20e92d9b-ae54-4da5-a283-a770061a3fd7,Greenpeace Slovenija,2023-03-22T10:55:35.195Z,1a2b9c17-8b75-4863-9911-4e03c35338b2,ZZZ,Slovenia,si,195508530477478,Greenpeace Slovenija,Facebook
1ac09c56-3061-443c-929b-02e479d90fba,RUK,2023-04-11T10:55:29.986Z,2849f887-4204-41f4-9140-ace83c4f8866,ZZZ,Slovenia,si,108723480596723,RUK,Facebook
09dd1ba8-5c46-4d5a-83c9-c4b33cd55c1b,Velenjcan,2023-03-22T10:55:35.209Z,0c163fbf-1752-434a-af41-4df3c6d16e11,ZZZ,Slovenia,si,287606688320672,Velenjcan,Facebook
f05667d3-fea1-405d-a660-42053848fc8e,Dinos Slovenija,2023-04-11T10:55:29.998Z,3663fd08-afe2-4536-a585-0843fc820425,ZZZ,Slovenia,si,109025644073846,Dinos Slovenija,Facebook
09c66fb5-19da-4e2f-b11f-a22eaaee3a74,Care4Climate,2023-03-22T10:55:35.195Z,58e8be12-cfb3-4921-9982-835077a8b598,ZZZ,Slovenia,si,100351174902531,Care4Climate,Facebook
cf97a459-e89a-4d3b-870e-14dfec2c9e1d,Ebalance,2023-04-12T10:55:23.819Z,9f7f7f60-b6b1-4934-9539-83e96166fe9b,ZZZ,Slovenia,si,112149644966440,Ebalance,Facebook
b59f2d74-d8ce-4cb5-929e-3de416504615,Big Sister,2023-03-22T10:55:35.219Z,a883565f-2a02-485f-985f-926f444fea8a,ZZZ,Slovenia,si,113827927016071,Big Sister,Facebook
2dddd357-1d75-403f-9b1d-4a89c59eb7b3,Admiral Slovenija,2023-03-22T10:55:35.209Z,deeb8f18-c5a3-4ec5-9cc6-bf544d1fadee,ZZZ,Slovenia,si,2279333295680899,Admiral Slovenija,Facebook
ae5e6c9e-14df-43b2-9c34-554caac67756,Časnik Finance,2023-04-16T15:07:54.742Z,d6e7fd95-3a62-4f5a-83e9-d740adff7334,ZZZ,Slovenia,si,12312811394,Časnik Finance,Facebook
9e2030a1-84ea-4afd-aa88-a45f65dd8984,Originalno Budweiser Budvar pivo,2023-03-22T10:55:35.195Z,c7f79e01-eea5-4f92-922d-f6590d4c7cca,ZZZ,Slovenia,si,100821395351013,Originalno Budweiser Budvar pivo,Facebook
921d2dca-cd97-41b2-88ce-fd7fb443bff8,Slovenska kinoteka,2023-04-17T08:03:30.682Z,f34f3b42-ee79-4ce1-b996-392517bfee48,ZZZ,Slovenia,si,669257476513590,Slovenska kinoteka,Facebook
aa562066-4531-4ad4-ac14-b4a6bc94a393,O vinu.si,2023-03-22T10:55:35.207Z,a0af1524-4ba4-447b-9f1c-f07ecb782307,ZZZ,Slovenia,si,195028880931733,O vinu.si,Facebook
fd82369c-efd2-413a-bb64-4062e0ae4990,La Bodega Negra,2023-03-22T10:55:35.213Z,44cad999-a483-4781-a041-abe34138b465,ZZZ,Slovenia,si,113455531576800,La Bodega Negra,Facebook
a0687cb8-2c0b-4622-8d41-4156eb8a174d,Yu Nostalgija,2023-04-17T08:03:30.707Z,340f4baa-b5bb-4f79-a32e-65f107835afc,ZZZ,Slovenia,si,100703931998226,Yu Nostalgija,Facebook
e0f8813b-bb4e-49e3-82c3-9852bad11795,Futr za jutr,2023-03-22T10:55:35.195Z,37f7c1f1-26a1-4c68-ae46-a295de0b878e,ZZZ,Slovenia,si,107967927999381,Futr za jutr,Facebook
6e7e6c5b-b9ef-4c57-b12f-be2ec11f12db,Starševski Čvek,2023-03-22T10:55:35.209Z,39fce5b0-08c5-4d93-828f-e8e9caa16dce,ZZZ,Slovenia,si,275439580174,Starševski Čvek,Facebook
318fc512-53cd-46ba-a34f-fecbe090d5ee,Slopak,2023-04-17T08:03:38.649Z,44e7966b-ae7c-4169-8507-8f4623522fbe,ZZZ,Slovenia,si,162525007122421,Slopak,Facebook
5304e274-ca94-4469-a3f3-68022c5cb2e3,Balkan River Defence,2023-03-23T10:55:50.972Z,4fc7e07b-87cb-4498-91c8-1ff3277c4037,ZZZ,Slovenia,si,182328488816688,Balkan River Defence,Facebook
1f74d9bf-8589-43b5-a801-da7fba4d2b65,Trajnostna energija,2023-04-19T06:55:39.171Z,9449a2ef-2437-4a09-9816-c503c0abdf87,ZZZ,Slovenia,si,2008118369496327,Trajnostna energija,Facebook
4fd50289-bfce-40da-96d7-f93db06e6b1b,michael_gregorjev_murn,2023-03-24T10:55:50.554Z,f47cdcaf-78d5-4b41-905e-b8409c62e5a8,ZZZ,Slovenia,si,104393765316954,michael_gregorjev_murn,Facebook
dfecc685-ba7b-4528-be8b-613894f97dda,Nord Hard Seltzer,2023-04-19T06:55:39.188Z,60d7754d-0e67-4c57-973a-a56cfb4fde78,ZZZ,Slovenia,si,110728950795698,Nord Hard Seltzer,Facebook
c2d175e3-1378-47fb-9469-b22ef2009354,Nekrep,2023-04-19T06:55:39.160Z,19094770-63c2-4ef2-9ceb-5b20c1106fe6,ZZZ,Slovenia,si,103632215359205,Nekrep,Facebook
69c7df8b-8706-4c65-90fe-af72aa42e224,"Casino Admiral, Ptuj - igralni salon",2023-03-24T10:55:50.550Z,567d4164-7588-4642-8b2b-97d13653dd5e,ZZZ,Slovenia,si,425362784214772,"Casino Admiral, Ptuj - igralni salon",Facebook
679099a7-98df-43f1-aa3a-0291e6fb7f33,"Casino Admiral, Maribor - igralni salon",2023-03-24T10:55:50.551Z,e56fbc3b-0ea2-4b5a-a98b-92d0fd530a68,ZZZ,Slovenia,si,424353957642502,"Casino Admiral, Maribor - igralni salon",Facebook
f097259b-fdb8-4e03-aa4d-b1ab2b5e3aff,Med.Over.Net,2023-04-22T06:06:04.290Z,237ccd06-55e9-434f-8672-c9cdd1782ceb,ZZZ,Slovenia,si,191872924257780,Med.Over.Net,Facebook
fa466e6e-fe42-415a-af8b-c7f9ffa09ef7,Društvo MUC,2023-06-23T05:18:48.649Z,0c6940eb-a7ca-4713-9ac8-c38c651cddf4,ZZZ,Slovenia,si,111911884593889,Društvo MUC,Facebook
338e7511-e531-4a36-b095-025d85495e5b,Butan plin,2023-04-23T06:55:12.556Z,198bba98-3bae-467f-aba4-490e5646f006,ZZZ,Slovenia,si,1533974113580388,Butan plin,Facebook
db5e685d-55f5-4e3c-89ea-ff415e486982,Roots In Session,2023-06-23T05:18:48.642Z,1816abf4-8a76-42e5-8ee1-a8e596c5b0bb,ZZZ,Slovenia,si,13878222689,Roots In Session,Facebook
9838cd1c-cbd4-44f3-acf8-f1f64bf0bea8,Zelena kohezija,2023-04-24T06:55:43.480Z,a47a53db-7226-472d-9d26-c818b0fe1542,ZZZ,Slovenia,si,107491711419874,Zelena kohezija,Facebook
273c79e6-e58e-4212-91f9-cf2186523165,Carglass Slovenija,2023-06-23T06:14:47.243Z,5ffcae6e-32dc-40ac-9222-1b0068c541b6,ZZZ,Slovenia,si,110554005691278,Carglass Slovenija,Facebook
b6076ca8-8ecb-4304-bfdd-b12888b4a343,bolha.com,2023-04-24T06:55:43.488Z,ef551c24-45e3-4674-a7bd-85d9f4ad59ff,ZZZ,Slovenia,si,126861945114,bolha.com,Facebook
79599356-bb8d-4d05-a420-4f3bc5e00c68,Bizarna Tiskarna,2023-06-24T06:49:36.963Z,c9bbc639-a103-452c-8ef4-cdf275a32682,ZZZ,Slovenia,si,115229098197781,Bizarna Tiskarna,Facebook
1284e654-0654-4053-93ff-834a107a966f,DRUM dogodki,2023-06-29T05:44:39.914Z,8813942a-208d-42ce-9c2b-afbff84f5544,ZZZ,Slovenia,si,545625665561794,DRUM dogodki,Facebook
13c168bf-49bd-4130-a4a9-cdb4a5757952,Lidl Slovenija,2023-04-24T06:55:43.488Z,523981dd-bdaa-4c2e-8953-1ac44b28eaf2,ZZZ,Slovenia,si,427537040614121,Lidl Slovenija,Facebook
f16b5e50-19f3-4257-ae85-26627453b773,MAkSi,2023-06-30T06:14:12.723Z,46bafc0a-4b73-46a6-adda-f79f0a39c4f1,ZZZ,Slovenia,si,186988191392341,MAkSi,Facebook
be4d7d31-6f4a-4a4c-90dc-7b2e428b3066,ELLE Slovenija,2023-04-25T06:55:29.047Z,14846d32-c6a7-42a1-bdb5-02e2bb30e185,ZZZ,Slovenia,si,32579502461,ELLE Slovenija,Facebook
99d5d8b9-c56a-4f5a-8bee-8300dd33605e,CORWIN Slovenija,2023-07-01T05:10:09.557Z,cb08732a-44ad-4b99-a305-c9bc3fb1318d,ZZZ,Slovenia,si,102919517855293,CORWIN Slovenija,Facebook
7683e0da-aabb-4339-bc47-f3c2d015ebdc,Cosmopolitan Slovenija,2023-04-25T06:55:29.047Z,96cd8e49-9f82-49d7-aae1-a686926b5888,ZZZ,Slovenia,si,131402710210260,Cosmopolitan Slovenija,Facebook
e6a99177-7c7c-4600-aab0-f7e0e4761f0b,S&T Iskratel,2023-07-01T05:10:09.513Z,1833c6c4-9a14-49fa-a41c-198e5af18a72,ZZZ,Slovenia,si,137329369680506,S&T Iskratel,Facebook
c6566f68-2406-45d5-9da6-ee1fb14502bf,GymBeam,2023-04-25T06:55:29.061Z,2de2395b-0908-4200-b23b-acd318269cf6,ZZZ,Slovenia,si,110815620434604,GymBeam,Facebook
439d98db-a5ef-4949-9997-7c25ff883e66,SDS Slovenska Bistrica,2023-11-20T06:56:35.496Z,e4370c85-4070-4ed5-9602-9721eff5829b,Slovenska demokratska stranka,Slovenia,si,881055901973922,SDS Slovenska Bistrica,Facebook
a05cecb2-1035-4cc6-b608-e9c92642bf9a,Philips Slovenija,2023-04-26T06:55:49.788Z,0b1afbc2-a0c3-4d92-bfb2-234d16c52afb,ZZZ,Slovenia,si,191505274294612,Philips Slovenija,Facebook
b70cc46b-e1ec-4e9c-97e4-978f9d15566f,Love Istria,2023-04-26T06:55:49.826Z,8d9354a2-a2aa-4de7-982f-81086a80df36,ZZZ,Slovenia,si,537917943239419,Love Istria,Facebook
b5fa2a39-96be-4098-9a3f-fab57715663a,Slovensko logistično združenje,2023-04-26T06:55:49.832Z,481fd6bf-6214-4183-8a03-ff81891a2656,ZZZ,Slovenia,si,102949115216551,Slovensko logistično združenje,Facebook
6932aa33-2837-4322-826b-919a07142852,Dr. Oetker Slovenija,2023-04-26T06:55:49.816Z,6dd6050d-00b9-48f6-bb57-b7a090963230,ZZZ,Slovenia,si,751454078300779,Dr. Oetker Slovenija,Facebook
668e483f-0a25-49c8-960d-d5d1485e7fd5,SDS Radenci,2024-01-01T05:08:25.722Z,add8a800-dd58-43d9-b517-adbf062691b2,Slovenska demokratska stranka,Slovenia,si,101563142429173,SDS Radenci,Facebook
12bf30fa-4234-4e74-93fc-219ffbfdad96,Kompas Shop,2023-04-26T06:55:49.788Z,4d122167-9fa4-4f51-9155-eaa32b684391,ZZZ,Slovenia,si,167030808468,Kompas Shop,Facebook
3e4d94de-5b8f-40e9-8fbc-e6fc5ed33241,Orca Energija,2023-04-26T06:55:49.823Z,b44f6cb3-c7f5-4698-9320-19867d6ad32c,ZZZ,Slovenia,si,101030127989552,Orca Energija,Facebook
830dbfbf-c15e-4892-b065-4d1ce46ef509,Inštitut 1. maj,2023-12-01T06:01:30.022Z,35bba1d2-2779-4bdb-bc5b-19cdfa919ac8,ZZZ,Slovenia,si,105432152532581,Inštitut 1. maj,Facebook
97fab046-ac1c-404e-91a5-c34f134cdd96,Modre novice,2023-04-27T06:55:40.651Z,ddf67562-8fc5-42f2-be56-c3be8a5211c4,ZZZ,Slovenia,si,143113569070641,Modre novice,Facebook
033b12e8-0e07-4372-926a-c1a87c01db7c,Socialni demokrati Kanal ob Soči,2023-12-24T05:08:47.205Z,c3aef75b-b1f5-4aa9-943b-310b127afa9d,SD,Slovenia,si,311297296326320,Socialni demokrati Kanal ob Soči,Facebook
06ae38d9-769a-4600-92eb-14ce2938b045,Toyota Slovenija,2023-04-28T06:55:26.828Z,1d5e5e50-2b0d-4d7c-b96c-c699c7aadb20,ZZZ,Slovenia,si,253862057262,Toyota Slovenija,Facebook
5d08db0c-915b-4841-8ea2-2abe90ce0cce,Spar Slovenija,2023-04-29T06:55:37.974Z,28bb9c75-64f9-4757-a0de-e0a88a768fb9,ZZZ,Slovenia,si,115477925138900,Spar Slovenija,Facebook
c3bf5cbd-7507-4a9c-9adb-ef809b222deb,Škrabčeva domačija / The Škrabec Homestead,2023-04-29T06:55:37.978Z,ebb3a996-9636-465b-b526-ef9fb7b6550e,ZZZ,Slovenia,si,157673417626325,Škrabčeva domačija / The Škrabec Homestead,Facebook
adb151e4-10a1-4deb-b8d1-c5f3f4c89bb0,BioLife by Kalček,2023-04-30T06:55:14.099Z,ae00d40c-467f-4ccc-8fdb-f3c443bff344,ZZZ,Slovenia,si,121770907935683,BioLife by Kalček,Facebook
f193c848-eebf-496f-b800-1fe35ed033cc,Andrej Mešič za župana,2024-01-22T05:08:34.379Z,8341195b-1702-410e-a984-312017c15b7b,Slovenska demokratska stranka,Slovenia,si,106773742202833,Andrej Mešič za župana,Facebook
e5801747-7e33-4c98-98db-7b837154c355,Revija Jana,2023-05-01T06:55:26.665Z,1b747c41-e40c-4953-863f-e21658077489,ZZZ,Slovenia,si,1640868122855777,Revija Jana,Facebook
0010a72a-5424-4670-ba58-70a9af42449d,Time Brewery,2023-05-05T06:54:58.162Z,ee15d440-e009-4400-af60-c9bc5529826d,ZZZ,Slovenia,si,1176668699170582,Time Brewery,Facebook
a5629f5f-51a6-4c48-a1d6-ae5db1d01cec,Pohod za življenje,2023-05-07T06:54:47.903Z,c6db345a-d2cf-495f-b2b4-9feea5a2dbe8,ZZZ,Slovenia,si,102692064786270,Pohod za življenje,Facebook
9595d419-a446-48dd-b922-3ff8aaea63dd,Socialni demokrati Ptuj,2023-11-06T06:02:22.012Z,135fed6f-fc24-4397-965a-befdf3a2550c,SD,Slovenia,si,477524882292355,Socialni demokrati Ptuj,Facebook
3fe99976-6e18-4e40-8bf8-387e76fb0db1,Rotoks Slovenia,2023-05-07T06:54:47.924Z,65b15550-3ac7-4ac7-87cd-bf256251890f,ZZZ,Slovenia,si,440103442992319,Rotoks Slovenia,Facebook
7898d57f-de28-4dbb-8dd3-d64af7cda75e,Mastercard,2023-05-09T06:55:26.142Z,a1de1d5c-8f50-4aaf-99dd-d2f23bb06e88,ZZZ,Slovenia,si,2344581312228497,Mastercard,Facebook
8c91519d-fe3c-46c0-969d-2a0fc81f6430,SD Zreče,2023-12-18T05:09:19.924Z,03d96a80-d6ad-41ec-ba3e-002ec194dfda,SD,Slovenia,si,1520205331553514,SD Zreče,Facebook
b15928be-a90a-41b6-8c51-047998ea88d3,Klub eMCe plac,2023-05-09T06:55:26.164Z,2cb078d2-c36b-47e2-80ca-5a5d80a53452,ZZZ,Slovenia,si,175396332480674,Klub eMCe plac,Facebook
f97d260c-ede9-46d4-acd2-93b5c39ec885,"Zelena trgovina - NaturNa, slovenska eko ležišča",2023-05-12T06:55:07.474Z,aabb2d16-fad6-412e-aa76-6b3d78812bc4,ZZZ,Slovenia,si,329731063710490,"Zelena trgovina - NaturNa, slovenska eko ležišča",Facebook
f986fc4d-343d-4c58-a4b0-15395eb0f4cf,Gibanje Svoboda Radenci,2023-12-30T05:08:22.973Z,9ddcd93f-02a0-4d20-abeb-78a941c5106c,GS,Slovenia,si,106472095552450,Gibanje Svoboda Radenci,Facebook
bada812d-fce4-4375-953f-570eb9423e11,,2023-05-12T06:55:07.464Z,02c4c85b-fe69-4928-885b-52e8b63e3963,ZZZ,Slovenia,si,104504472613184,,Facebook
9d53bf7f-3048-47b7-b721-cbaf520e0916,PasivnaGradnja.si,2023-05-17T06:55:13.218Z,02693c03-84f9-46c3-8728-1c2764fbca98,ZZZ,Slovenia,si,100849656188966,PasivnaGradnja.si,Facebook
49c7fb43-dcf9-4833-b84e-b4bb77c8e8d3,Gibanje Svoboda Novo mesto,2023-12-19T05:08:28.229Z,c1e97f4c-1fbb-485c-8cd7-1144e33d937f,GS,Slovenia,si,105777038952520,Gibanje Svoboda Novo mesto,Facebook
291d8a3e-cebf-4ae3-a181-d41c61045f53,Karate - Do Trebnje,2023-05-18T06:56:00.503Z,f9095cc1-5f55-420e-b827-0d78d7a6bbd5,ZZZ,Slovenia,si,103830322037466,Karate - Do Trebnje,Facebook
36b5b50b-ff0d-4451-8f83-f1b30494ade8,Gibanje Svoboda Trbovlje,2023-11-20T07:09:49.247Z,8dbd83ab-7d7a-4bea-b0a3-dc17b8da9341,GS,Slovenia,si,102244576005612,Gibanje Svoboda Trbovlje,Facebook
90c16e4d-ff58-4eca-856d-03b3853bce71,Damir Ivančič,2023-05-18T06:56:00.496Z,e4df5a4f-0290-488d-bd00-fcb106a1ac77,ZZZ,Slovenia,si,165333970962356,Damir Ivančič,Facebook
955a194e-709f-485b-8571-1f70506ebe2b,Visit Saleska,2023-11-10T05:58:51.309Z,f15ba924-344f-494c-aeca-188621b36be6,ZZZ,Slovenia,si,614314245300208,Visit Saleska,Facebook
34b0fc9f-2547-48ae-a8b8-7430c74a870b,Europark Maribor,2023-05-19T06:55:51.419Z,b2b4ab1f-df78-422a-9017-a3126a1b89c2,ZZZ,Slovenia,si,234852275992,Europark Maribor,Facebook
0cf936cb-f791-4772-a1e8-176f93058cff,Dana,2023-05-23T06:55:42.892Z,be7b2e08-15ff-4e18-9224-be7d877a8651,ZZZ,Slovenia,si,106086082759756,Dana,Facebook
fa03a6db-a7c9-47a4-a51b-21445b400ee6,Petrol Slovenija,2023-05-23T06:55:42.916Z,321ad2c3-fb52-432d-939b-c20f0e62dd2e,ZZZ,Slovenia,si,162933820406065,Petrol Slovenija,Facebook
0ad827a1-026d-4fc4-9e0a-b5ad23eb4e8a,Radon Ribnica,2023-05-24T06:55:50.979Z,2f3d6f93-0ff4-4a44-8577-587c77038950,ZZZ,Slovenia,si,108693601884750,Radon Ribnica,Facebook
80e96bb1-baa6-4ee3-9fcb-7ae8e4418fe1,nonCarbon Slovenija,2023-05-28T06:54:57.270Z,ef452562-eb84-4b43-9eee-3f7fc3ab176d,ZZZ,Slovenia,si,102760479232628,nonCarbon Slovenija,Facebook
37027f3c-49ca-4550-882b-e72d895a9347,VELUX,2023-05-29T06:55:00.556Z,01a1189b-5cc7-4e43-a882-d143922b6432,ZZZ,Slovenia,si,264247956985114,VELUX,Facebook
6c619d4e-cd1f-4064-9509-40c926120716,Medicinski center Medartis,2023-12-05T05:08:52.095Z,5141c2b7-30e4-4779-8e4e-a112787c3734,ZZZ,Slovenia,si,796383260438499,Medicinski center Medartis,Facebook
62f24c68-396f-479f-b194-dc05c52b9a87,ISCPC - International Scientific Congress of Primary Care,2023-05-30T06:55:57.278Z,ba4ec88f-3d85-45e7-b39b-1abfdb849c74,ZZZ,Slovenia,si,110334355391108,ISCPC - International Scientific Congress of Primary Care,Facebook
acb6d1b5-0f10-4e24-b43c-a8bc625bede6,Lista Marjana Šarca,2022-08-16T15:24:30.154Z,6d6e956b-2370-4506-ad09-4dcabb51bc5e,ZZZ,Slovenia,si,1688472281270550,Lista Marjana Šarca,Facebook
d7feafed-86c3-4b6b-a493-24cb16af4bae,Oddelek za sociologijo FF UM,2023-05-31T06:55:47.577Z,add2104a-f79c-4eb2-b7ba-9725e44c5b9c,ZZZ,Slovenia,si,133793030889246,Oddelek za sociologijo FF UM,Facebook
20231a04-cd24-4f98-b1d7-2574dc16648a,Radio Si,2023-05-27T06:54:58.711Z,5ceb3190-d21c-440b-9436-12f09d0809c1,ZZZ,Slovenia,si,101923869282,Radio Si,Facebook
a73bd17f-3ab2-43e1-baf7-8b8719f65bcb,Oštro,2023-06-01T06:55:54.469Z,aae702ae-fc39-4cea-82bd-967119084f2c,ZZZ,Slovenia,si,2838762196141544,Oštro,Facebook
f6734bb2-c75e-462a-9fed-3e14e1b8df18,Jeremićwater,2023-06-02T06:55:58.327Z,84288a72-137c-492e-82a3-48f19f937c50,ZZZ,Slovenia,si,109178725481843,Jeremićwater,Facebook
1fd67522-6681-4318-a2f3-4a46f437780f,SunContract SONCE energija,2023-06-02T06:55:58.350Z,121ee56b-e797-461b-8354-8e0ce21f8bd4,ZZZ,Slovenia,si,165445983580027,SunContract SONCE energija,Facebook
59d3ed94-85cb-46dc-bff3-f181e245e7b1,Stranka modernega centra,2022-08-16T15:24:30.172Z,4f7bac23-c6de-4ad2-bb9f-c3acfb7f7b9e,ZZZ,Slovenia,si,1510216172561380,Stranka modernega centra,Facebook
df564001-483b-4791-b9bd-8e099ddbdede,Ministrstvo za digitalno preobrazbo,2023-06-03T06:55:13.388Z,2c7b17bc-fb6e-4b2b-ab52-0fbeb39f0f0b,ZZZ,Slovenia,si,102246022156189,Ministrstvo za digitalno preobrazbo,Facebook
92e44b7d-4cd7-4b2b-a437-a94609cbeb2e,Slovenska nacionalna stranka,2022-08-16T15:24:30.274Z,29b32f7b-42e3-40f5-a715-a79bb7e2b96b,ZZZ,Slovenia,si,1911262768928250,Slovenska nacionalna stranka,Facebook
e1403be9-d5ea-46ef-8f0f-742c42379627,Hotel & Restaurant Admiral Slovenia,2023-06-04T06:54:59.090Z,89d37a25-7033-4b94-b35b-5f39997c8147,ZZZ,Slovenia,si,2044545629019473,Hotel & Restaurant Admiral Slovenia,Facebook
092376ba-54b4-46f7-8f23-7997b1c19999,SDS Škofja Loka,2023-11-28T07:39:42.539Z,073b49ef-a09b-4f29-af7f-fed98b835c72,Slovenska demokratska stranka,Slovenia,si,501134680077,SDS Škofja Loka,Facebook
32fc2476-e808-4385-b115-06d72b2947fe,"Casino Admiral Ljubljana center, igralni salon",2023-06-05T06:55:27.398Z,56323954-e718-44e3-b12f-03af41578f76,ZZZ,Slovenia,si,128388553901752,"Casino Admiral Ljubljana center, igralni salon",Facebook
74237f57-54b3-46b7-99de-c862d2d9ee65,Časopis Slovenec,2023-06-08T06:55:15.302Z,e9885668-8d85-4c6d-b0ba-0c39db9389d5,ZZZ,Slovenia,si,240130223029252,Časopis Slovenec,Facebook
94c0a4e3-7554-4d91-8461-e60c14a48be1,Audi Slovenija,2023-06-11T06:55:08.374Z,96bb22d4-1b27-44af-a6b3-f6772347f095,ZZZ,Slovenia,si,154298987963372,Audi Slovenija,Facebook
419bfe79-ce25-4810-b76c-f73dd2802c64,Lovilion SI,2023-06-11T06:55:08.364Z,1ec352a4-e6e6-424c-928a-59c8e5108970,ZZZ,Slovenia,si,106704095178006,Lovilion SI,Facebook
65ad40b3-d662-49e4-a5bc-55ddf8844184,Belinka,2023-06-12T06:55:03.777Z,bab12ce0-a1b8-425c-9ce4-c409903b7273,ZZZ,Slovenia,si,144338402294051,Belinka,Facebook
68d41de5-8c77-4136-84b5-2a1a98934141,Turistična kmetija Puhan,2023-06-12T06:55:03.765Z,43acf840-ab94-40c1-9f2d-6a58cc24b63c,ZZZ,Slovenia,si,308043872629416,Turistična kmetija Puhan,Facebook
87681a9f-a313-4bdb-8cd0-49c8845a7c4d,EPEU,2023-06-12T06:55:03.777Z,332db48f-e9c5-4215-95fa-0ac7172e7c57,ZZZ,Slovenia,si,1716598305252757,EPEU,Facebook
bb12fa50-1641-4ca6-8c61-582f98f095be,Rio Mare,2023-06-12T06:55:03.798Z,a1e2917d-1946-44a2-b2fe-f65a0b77b2f9,ZZZ,Slovenia,si,205944769433679,Rio Mare,Facebook
d54a2e73-ca45-401d-9a79-f9e745dce186,JUB Slovenija,2023-06-13T06:55:28.204Z,fc4c82c9-6cbe-413d-9705-3ade4b8e2858,ZZZ,Slovenia,si,198279373681982,JUB Slovenija,Facebook
e92ebe4d-ca0d-467c-914f-e96a49421d68,LONCI&POKLOPCI by Bajde Slovenija,2023-06-13T06:55:28.195Z,92c8011b-043a-4445-8b28-4fb62b8e7c3d,ZZZ,Slovenia,si,156939338282920,LONCI&POKLOPCI by Bajde Slovenija,Facebook
98d0c315-8169-47b1-978c-113e271e1e52,Avditorij Portorož,2023-06-13T06:55:28.203Z,477fca8c-d256-436f-a151-0c111396e8b9,ZZZ,Slovenia,si,307985392600568,Avditorij Portorož,Facebook
8146934c-2c0b-496a-9090-ba27e7af60cf,Pojačalo,2023-06-15T06:55:15.355Z,2c5a4683-9198-41a0-9135-ee02b40a7d67,ZZZ,Slovenia,si,554179428380630,Pojačalo,Facebook
6d78d557-13e6-4c84-8747-0bd3486f0636,SNG Opera in balet Ljubljana,2023-06-16T09:35:20.635Z,b66a646e-c030-44e5-947f-86e58caeda45,ZZZ,Slovenia,si,202868676481806,SNG Opera in balet Ljubljana,Facebook
74abd5c4-b5c2-45c1-8e0e-1f3678763dfe,UNICEF Slovenija,2023-06-19T18:27:03.047Z,6d4226aa-5d29-43a9-8781-d1a848fb710f,ZZZ,Slovenia,si,128900614910,UNICEF Slovenija,Facebook
f79c4d3e-93ff-4866-a52c-08e6e58b59af,One Health One Environment EU,2023-06-19T18:27:03.048Z,10c80dc7-7e5e-4f9e-9a00-776efccda39b,ZZZ,Slovenia,si,101423932550406,One Health One Environment EU,Facebook
ef544bcf-8270-4a38-8364-4824748076d7,Lullaby compass 57,2023-12-20T05:08:48.290Z,4414632c-daca-4aa0-9627-7cf81bdae419,ZZZ,Slovenia,si,141551909050380,Lullaby compass 57,Facebook
b7fecf45-139c-4be3-9187-84c3f70f347a,Praznik glasbe,2023-06-19T18:27:03.057Z,e5743711-e4e7-49eb-ad49-a09fac16b5a4,ZZZ,Slovenia,si,191945757524015,Praznik glasbe,Facebook
ba297056-44af-42f2-b78a-27e173bd3195,BTC City,2023-12-04T05:36:21.506Z,0dc6077a-700f-4b5b-a5e7-ab70562f4e54,ZZZ,Slovenia,si,120035681384136,BTC City,Facebook
ff80288a-849b-4a1e-909b-669589248907,Shoppster Slovenija,2023-12-30T05:08:23.002Z,e02070eb-7593-4f3d-ae05-a43119cb20d3,ZZZ,Slovenia,si,215829762027,Shoppster Slovenija,Facebook
15d7202f-1c88-4400-a376-db6b54d7d340,Enterpoint,2024-01-21T05:09:02.625Z,12ba2bf4-40a4-4cc7-8c42-339fb20628a2,ZZZ,Slovenia,si,103921568846586,Enterpoint,Facebook
5647e821-6a0a-421e-a86e-41d964ea74d4,BMW Slovenija,2023-12-05T05:08:52.015Z,21f92cbb-bcc9-44fe-87b4-2f2eb600b9a1,ZZZ,Slovenia,si,157689954242062,BMW Slovenija,Facebook
d8c1e242-3245-4080-8c41-c6c8e30d28e8,Bloomberg Adria Slovenija,2023-11-20T07:09:49.306Z,e6d011ba-2d50-418c-bea2-d45e08c61cbb,ZZZ,Slovenia,si,101137502602003,Bloomberg Adria Slovenija,Facebook
a37812d4-17b0-4934-9e4e-76db5738ad85,Data doo,2024-01-13T05:08:37.937Z,33a1e2bc-b76d-4eb1-acae-5db7a6b16162,ZZZ,Slovenia,si,135399203144311,Data doo,Facebook
28d26dc7-d323-48da-a377-2e828df5b092,Zgodovinska mesta Slovenije - Slovenia Historic Towns,2024-01-01T05:08:25.736Z,bdec8ea5-e0ea-4665-a333-f345567ad910,ZZZ,Slovenia,si,392163414694688,Zgodovinska mesta Slovenije - Slovenia Historic Towns,Facebook
656b5364-956c-4621-b8fd-f42c89469106,Gorgeous volleyball 38,2023-12-15T05:09:00.850Z,024f914f-0ab8-4be3-a1ac-5fc49813bb02,ZZZ,Slovenia,si,162581680278488,Gorgeous volleyball 38,Facebook
d281c7b5-7b4b-4818-af12-305b1ef3f7f3,National Geographic,2023-11-10T05:58:51.309Z,d183cb50-1096-4737-a32b-f0ff3c526df0,ZZZ,Slovenia,si,171389239640192,National Geographic,Facebook
9cee3bd8-0a53-4fc8-a8df-9e45e2a8e737,Visit Ribnica,2023-12-22T05:08:39.782Z,8946e78b-49dc-4ea5-bee8-82bd2f4db83c,ZZZ,Slovenia,si,108556554199133,Visit Ribnica,Facebook
